시군구명,시도명,관광지명,구분
남양주시,경기도,인플럭스 남양주,음식점
남양주시,경기도,마석 5일장(3_ 8일),쇼핑
남양주시,경기도,물의 정원,자연관광지
남양주시,경기도,봉선사(경기),역사관광지
남양주시,경기도,수종사,역사관광지
남양주시,경기도,새벽카페호르,음식점
남양주시,경기도,산들소리,자연관광지
남양주시,경기도,천마산 시립공원,자연관광지
남양주시,경기도,정약용유적지(남양주),역사관광지
남양주시,경기도,다산생태공원,자연관광지
남양주시,경기도,오남호수공원,휴양관광지
남양주시,경기도,장어의꿈,음식점
남양주시,경기도,팽현숙의옛날순대국 남양주점,음식점
남양주시,경기도,축령산,자연관광지
남양주시,경기도,물의정원,자연관광지
남양주시,경기도,소리소 시골밥상,음식점
남양주시,경기도,청학밸리리조트,휴양관광지
남양주시,경기도,운길산,자연관광지
남양주시,경기도,묘적사계곡,자연관광지
남양주시,경기도,화도푸른물센터 피아노폭포,자연관광지
남양주시,경기도,스파디움24,휴양관광지
남양주시,경기도,초대,음식점
남양주시,경기도,밤섬유원지,휴양관광지
남양주시,경기도,몽골문화촌,체험관광지
남양주시,경기도,두부마을,음식점
남양주시,경기도,남양주 사릉(정순왕후) [유네스코 세계유산],역사관광지
남양주시,경기도,물맑음수목원,자연관광지
남양주시,경기도,묘적사,역사관광지
남양주시,경기도,원조태릉갈비,음식점
남양주시,경기도,미호박물관,문화시설
남양주시,경기도,이석영광장,휴양관광지
남양주시,경기도,광릉숲길,육상 레포츠
남양주시,경기도,팔당유원지,자연관광지
남양주시,경기도,해비치CC,육상 레포츠
남양주시,경기도,불암사(남양주),역사관광지
남양주시,경기도,황금산문화공원,휴양관광지
남양주시,경기도,아쿠아파크,음식점
남양주시,경기도,통큰소무한리필 별내본점,음식점
남양주시,경기도,미음나루터(미음나루 풍속마을),체험관광지
남양주시,경기도,덕화배꽃마을,음식점
남양주시,경기도,온누리장작구이 팔당본점,음식점
남양주시,경기도,백봉산,자연관광지
남양주시,경기도,한송,음식점
남양주시,경기도,별마을딸기체험농장,체험관광지
남양주시,경기도,비금계곡,자연관광지
남양주시,경기도,아유 스페이스,음식점
남양주시,경기도,달빛새 베이커리앤카페,음식점
남양주시,경기도,정약용도서관,문화시설
남양주시,경기도,수락산장어,음식점
남양주시,경기도,왈츠와 닥터만 커피박물관,문화시설
남양주시,경기도,태릉허참갈비,음식점
남양주시,경기도,남양주한강공원(삼패지구),휴양관광지
남양주시,경기도,덕소한우사랑정육식당,음식점
남양주시,경기도,화도낚시공원,수상 레포츠
남양주시,경기도,오드리,음식점
남양주시,경기도,축령산자연휴양림,자연관광지
남양주시,경기도,카페스토리,음식점
남양주시,경기도,목향원,음식점
남양주시,경기도,프라움악기박물관,문화시설
남양주시,경기도,팔현계곡,자연관광지
남양주시,경기도,다송,음식점
남양주시,경기도,덕소숯불고기 본점,음식점
남양주시,경기도,현대프리미엄아울렛 SPACE 1,쇼핑
남양주시,경기도,한강632스트릿,음식점
남양주시,경기도,궁집,역사관광지
남양주시,경기도,베이커리 씨어터,음식점
남양주시,경기도,힘찬낙지,음식점
남양주시,경기도,카페101파크뷰,음식점
남양주시,경기도,배양낚시터,수상 레포츠
남양주시,경기도,한강뮤지엄,문화시설
남양주시,경기도,태릉왕갈비,음식점
남양주시,경기도,햇빛촌,음식점
남양주시,경기도,장수 누룽지 백숙,음식점
남양주시,경기도,콤비식당,음식점
남양주시,경기도,기와집순두부,음식점
남양주시,경기도,정약용선생묘,역사관광지
남양주시,경기도,수동계곡,휴양관광지
남양주시,경기도,국제광림비전랜드,자연관광지
남양주시,경기도,아띠딸기체험농장,체험관광지
남양주시,경기도,죽여주는 동치미국수,음식점
남양주시,경기도,웨이브서프,수상 레포츠
남양주시,경기도,남양주컨트리클럽,육상 레포츠
남양주시,경기도,흥국사(남양주),역사관광지
남양주시,경기도,남한강 자전거길,육상 레포츠
남양주시,경기도,별내어린이천문대,문화시설
남양주시,경기도,마음정원,자연관광지
남양주시,경기도,별내옥설농탕,음식점
남양주시,경기도,스테이564,음식점
남양주시,경기도,모란미술관,문화시설
남양주시,경기도,[다산길 1코스] 한강나루길,육상 레포츠
남양주시,경기도,천보사(경기),역사관광지
남양주시,경기도,남양주 홍릉(고종·명성황후)과 유릉(순종·순명황후·순정황후) [유네스코 세계유산],역사관광지
남양주시,경기도,산아래,음식점
남양주시,경기도,고향가는길,음식점
남양주시,경기도,닉센,음식점
남양주시,경기도,남양주 어린이비전센터,문화시설
남양주시,경기도,더드림핑 야영장,육상 레포츠
남양주시,경기도,약대울체육공원,휴양관광지
남양주시,경기도,뽀로로테마파크다산위드트래블,휴양관광지
남양주시,경기도,나인블럭 뷰 팔당점,음식점
