companion_type,total_mention_count,avg_monthly_mention_count,mention_ratio,representative_keywords,all_keywords
기타가족,227505,18959.0,26.43,"가족, 가정, 언니, 동생, 오빠, 이모, 장인, 패밀리, 동서, 조카","가족, 가정, 언니, 동생, 오빠, 이모, 장인, 패밀리, 동서, 조카, 형제, 막내, 엄마, 친척, 형, 식구, 누나, 자매, 고모, 사촌, 장모, 손자, 온가족, 효자, 시댁, 이모님, 형님, 태아, 삼촌, 남매, 사위, 손주, 남동생, 여동생, 형부, 며느리, 손녀, 막둥이, 친지, 사촌동생, 차남, 이모님들, 효녀, 외삼촌, 손주들, 혈육, 사돈, 시누, 친정식구, 가족모두, 새언니, 올케, 친정식구들, 시댁식구, 시동생, 숙부, 시누이, 시댁식구들, 외손녀, 울언니, 외손자, 장손, 손자들, 처제, 숙모, 덩생, 맏사위, 손자손녀, 맏며느리, 큰며느리, 며늘, 육촌, 사돈댁, 외손주, 시댁어른, 막내며느리, 첫째손녀, 첫손녀, 작은며느리, 첫째손주, 며늘아기, 며늘애"
친구,155294,12941.0,18.04,"친구, 친구들, 지인, 프렌, 칭구, 동창, 절친, 베프, 룸메, 룸메이트","친구, 친구들, 지인, 프렌, 칭구, 동창, 절친, 베프, 룸메, 룸메이트, 프렌드, 남사친, 여사친, 여행친구, 학교친구"
부모님,127400,10617.0,14.8,"부모, 부모님, 엄마, 아빠, 어머니, 할머니, 아버지, 어머님, 할아버지, 엄빠","부모, 부모님, 엄마, 아빠, 어머니, 할머니, 아버지, 어머님, 할아버지, 엄빠, 엄마아빠, 아버님, 시부, 아부지, 모녀, 친정엄마, 시부모, 시부모님, 할매, 조부모, 외할머니, 워킹맘, 시어머니, 어무니, 장모님, 울엄마, 아비, 할무니, 할머님, 시어머님, 엄니, 시아버지, 할부지, 시모, 장인어른, 외할아버지, 시아버님, 증조부, 할배, 어무이, 할아부지, 친정어머니, 친정아빠, 시엄니, 할아버님, 초보맘, 친정아버지, 시엄마, 양가부모님, 초보엄마, 할마, 시어른, 할버지, 외할무니, 둥이맘, 직장맘, 증조모, 친정맘, 외할부지, 시아부지, 외할머님, 시아빠, 전업맘, 함무니, 친정아부지, 할멈, 어머니아버지, 셤니, 친정엄니, 외할아버님, 기러기아빠, 할빠, 예비시어머니, 예비시어머님, 일하는엄마, 외할버지, 외할매, 쌍둥이맘"
회사동료,105755,8813.0,12.28,"직원, 대리, 직원들, 동료, 임원, 부장, 차장, 직장동료, 사원, 회사동료","직원, 대리, 직원들, 동료, 임원, 부장, 차장, 직장동료, 사원, 회사동료, 여직원, 회사사람, 직장상사, 회사직원, 회사후배, 회사선배, 회사상사, 사무실직원"
자녀,79884,6657.0,9.28,"학생, 자녀, 청소년, 아들, 애들, 딸, 자식, 미성년자, 딸아이, 아드님","학생, 자녀, 청소년, 아들, 애들, 딸, 자식, 미성년자, 딸아이, 아드님, 우리아이, 따님, 장남, 딸래미, 딸내미, 우리딸, 우리애, 장녀, 딸램, 울애, 큰아이, 울애기, 큰아들, 외동, 우리아이들, 저희아이, 우리아들, 둥이들, 아들래미, 큰딸, 아들내미, 차녀, 아들램, 큰애, 저희딸, 외아들, 첫째아이, 외동딸, 울아들, 우리애들, 맏아들, 울딸, 둘째아들, 둘째아이, 큰놈, 첫아이, 첫째딸, 삼둥이, 아들딸, 저희애, 둘째딸, 딸냄, 워킹맘, 저희아들, 저희애들, 첫째아들, 맏딸, 여식, 손녀딸, 아들녀석, 젖먹이, 작은놈, 첫아들, 울아이, 울애들, 외동아들, 초보맘, 우리집애, 첫딸, 첫째아기, 초보엄마, 작은녀석, 첫아기, 울아이들, 셋째아이, 둥이맘, 외둥이, 직장맘, 전업맘, 첫아가, 울아드님, 울집애, 우리집아이"
싱글,56888,4741.0,6.61,"혼자, 혼자서, 홀로, 싱글, 나혼자, 나홀로, 혼행, 독신, 싱글족, 혼자남","혼자, 혼자서, 홀로, 싱글, 나혼자, 나홀로, 혼행, 독신, 싱글족, 혼자남, 나홀로족, 혼자녀, 싱글남, 싱글녀"
배우자,43428,3619.0,5.04,"남편, 배우자, 신랑, 아내, 남편이랑, 부인, 신부, 와이프, 예랑이, 예신","남편, 배우자, 신랑, 아내, 남편이랑, 부인, 신부, 와이프, 예랑이, 예신, 남펴니, 남편님, 남표니, 남푠, 집사람, 서방, 마누라, 애엄마, 마눌, 와이프님, 마님, 우리신랑, 낭군님, 주말부부, 저희남편, 마눌님, 남푠님, 울신랑, 안사람, 저희신랑, 영감님, 아이아빠, 애아빠, 새색시, 아자씨, 남의편, 우리와이프, 애들아빠, 영감탱이, 애들엄마, 울랑, 울랑이, 우리서방, 남편느님, 울서방"
연인,38280,3190.0,4.45,"연인, 커플, 남자친구, 여자친구, 남친, 예랑, 남친이, 애인, 여친, 예비신부","연인, 커플, 남자친구, 여자친구, 남친, 예랑, 남친이, 애인, 여친, 예비신부, 남치니, 예비신랑, 썸남, 썸녀, 남친님, 남친몬, 여친님, 피앙세, 약혼녀, 약혼자, 보이프렌드, 피앙새, 걸프렌드"
학생,26497,2208.0,3.08,"초등학생, 중학생, 고등학생, 대학생, 고3, 초딩, 중3, 고1, 중1, 고2","초등학생, 중학생, 고등학생, 대학생, 고3, 초딩, 중3, 고1, 중1, 고2, 중2, 초4, 초1, 초3, 고딩, 초5, 초6, 초2, 중딩, 고삼, 재수생"
